bucket,index,record_id,payload
10KB,4,1,d7osli16d9o0v9qi4r7ecwsyd56z47x21ueab3vqi10grhh9vkgtztugz9rm6ad785zlm2is89cpgsyp2kf97j5b9qj9b6ja0zfzke5wn2wkceic0709oyef50hd0p6l
10KB,4,2,znl21krwglykeubqaa9bhuc7jbqd3vz5o07zd28s7mwd365cmojuvdit6zbiuzn76tijadnwh7esrgm0pxxqk73f1eoxm2oct12oqp2t745eshkfmtiuexftu0dzryj9
10KB,4,3,c978ffskk9w0a1qwdylcgnc4zz8wksidkolqdoe57iradgejyhcb8bev5oq8fvls9rzzg1hyvgrm6qpwb47lgrjnr3cna5rvuzj4ieitgemf9uamcqcrkjpkl5z88p7i
10KB,4,4,b2sey1rrbl2gauiwjubaqhrmn6z4xkszzgxm0mgpekhma0it01vih5w4gvw8xdfn50kz1061wf0ktyo8ay2ul3m4iza1gu7k3j6o4efb95mipxg57du26oz5lp9n0q9b
10KB,4,5,ao0ltk021fnu8o71dundctshbu98q1nlkbrhgim95y4x1oxsyjskxihsejtdlkshgmyllr0hkiz9d37shjh8urb1orkvkz9l2ezseltmrjum8lms6j0ihn2kfcakbinz
10KB,4,6,mc4a1ybz3k3tzkddlc7my6mxerlinhb2k6trcjq58uf60qd6z0jg4bb8dn4nm4djxw6tfmk7hk95nc9jgez8duraalaflep6vga0wu8t6v66zl71yu61vw8tnlaavqf6
10KB,4,7,30grxgvnu3a9eurfacrcgc0lmdw04htvumtzi44ct4j47c6vhi3bp60fsxy21k598stzexc2oojt4uvqw2f47cm1xiov1oesdwi5w59urp4vqao42e121u48dkdhm0cn
10KB,4,8,jgobjkr5qk4ellit48ksxslieus7pzk1cmz4crx0mo7qikdhlhshmr0rge7aevc6792m89au08fyq2h21df1xoweiaw3zjym78gyr0nn7amxw4h656d77wju6nzidqwd
10KB,4,9,x0txhka58gnbpj0ngx47d293j09effrdnte9nd0r77adzbh3zc7jzthm7n7aza3gsuse8gtcoov09b1djz0cd7w010t77vo6i4490kzu2zl2zklmwr38cgszd1pv8h45
10KB,4,10,h351t5fhe825hvgam3m5l1rk2u57tob3ztx814zhphcbv0b5dgods9wrpy97ws2ogkujiiu0436zliwbtj5u8rj6c7jfmgp8eu8blkq966vjl14g67sz5rgc20viidhx
10KB,4,11,vjinu544dlmyjopytzokziztwnluemklht2hjwravgltew75zh853ieg2t7axj5nz533mxrwpk1o5hlt89dyk3nixur5tllzsugwvldx7egekf0yfh59n2twlgtezp1w
10KB,4,12,f0js5l6bd1zql6ruu0f1z91jdzp78pbjhlvqqcxohp3ul7xhthr15kzv2ddbrj7fmiqziiydojbq2n11x8838729hgfps8lpbsd4h0e86ut6lmlt2czqdwxrvzjj8xz9
10KB,4,13,yclehkxktlmrdsedlknknzd9rtlkabhxyyr770zcabvirrm0pi9uvmh2poi9zkwybjp2nc4enozbydo0qjcoma7gbtgbzxbtrtrwa8pcjxqiuqjq2pynoy4n1nau9lkw
10KB,4,14,bv8bxq19tjkxjurszwth6q2yqes8gic08dezedfxura70sjt4e0r4djce15wo8tv2ymbraukm5v0uqxp866f09ivl88xakd2vld244l5vs4tw8hxe61eniri5sp0uugy
10KB,4,15,5owv7fng5q6ppg725m7ir4oc7dn1w8ldn3ym9gt8gfn1hpptv99rq7af3esp95ycgh8ej0a5bdnn0k4qe1gnldtou8xeqs10g8jj615799vdqf8acn5k1hu6sm3t4dbl
10KB,4,16,hbaxcci77hgtkwnmsgtozx8bxd701wvgxjgqgi39davioek8pi2shxck3zaq7xjljqo0q4zibosc5k1lltpg7wgc0qql72ar9fxiql8uipmq05e73ozg0agbq2toliv9
10KB,4,17,onbyl65ls9folx9fawj5el62wk1cird2om293yguirulk6ek0bst5zmyvcv9cd092n7gigpvj9be2jocv2eghm0d9qbg8gcpnfkbg428wmzlpiaub9lqlsxsvnu3iwze
10KB,4,18,lrs2yy9xlfveafazyot4ekfrtimrk874mqnm2b8etin35auz8bxdzknozhrmthlorrcg76b085n4bijz2oe26gr0q3bwih9t4xqv0doxsrnm9ib612yhi9v6whelkm0m
10KB,4,19,9pwkq67aqoxlaa3k8hp89di5unyfwoo0g46hxssl7xjjzv9gpubbzp260pxkdjmxfzkf4lwe26kwchs1ihw4yyr0hws68yy960rm3x5ae2vnjaktmw9nnasxposyu14m
10KB,4,20,obfm4rpbwbjxh5wxgy07pqcum5lb91fqz7kibdryqemsf61p8x9ovsrfq5kft3i39wpjmnu20u1rxg2n9jdwi6lhqu47wbguhdlsptulv59s79fsyxew21ciciibwse0
10KB,4,21,3b02nd4e3judur0ifdlz3op0of9ltw7op1gx82cm5qe1vlbh4nug8cwg2qbixv7oyytp8818juuf9d1lkv8kym9uqaldp5l980oeyh7mzktsd9vld7zypzieuua032g4
10KB,4,22,u79f5ckvu1gnccoirxvcvgcqlfqvksya6majy6g44p4ud6d8fxhh4mb7ilxe5pzs8ul78jy6utwpd042nikoh1cgvwjtcn9ysze4eivrz8ijrrsritw9b72ghz1dsq1j
10KB,4,23,p4qyczyyth798mkqq8gi3iw7a1zlax3dbuxxupm4q7ryrya0v5lecr5odvytrxodtmng5d81fonnhjlmeg6is99c8q817vhleynivz2660hv3zamzpnki077j3gj4uhi
10KB,4,24,ui78qa50n4dl10peg76hqj96jgh8jxob540n4x45zdbn1ivrx2lfqwbtjxef194ow5gtczmnbfyjp93jldp8sts6v16edpy9bgn08ge7aiq77aqjrep0omuz062fg0qx
10KB,4,25,dlnli45t3g9luem7uodzkwjhpntbrr0urkali0v8wzxyu2a2q123v3cyz378goilimtkiv249q2smdoku65kr0h38j9jmfdqs2s2wqcmf95hw3pz6wo876favb2kag4y
10KB,4,26,35omduykyqt7pnhgp1tsjg5plij9xn8co33ce5tej967npa60jyp23i31tyou5z3kw91zc32c4yryozn2dxz3h3kz4yac7vzz47ddwbnsl6nfiy3v6cdxqq7yipvhdpr
10KB,4,27,05347u92udmugqevyv0o1k1icu8xv6tdl2x4y9vqnyvnrmvhvm4nnb959dz4et3a8dopdczmabk8ib24rbsumiofp3yw7pax3ugn0i13ekjknhbgs7g8dosbgm3pfxc5
10KB,4,28,c8xow2tj2zftnkskv8a49ar0ylwnv5f50rprklpb95lz01tojezw8mmlio5mnmyiu99qld1fnk73i69r3z4jpy9kxo1oiydctx3il2jnbyfqskj6u8hlpx9qtr8pi61c
10KB,4,29,8gmsa4r5g5k2lu6932rqr5q3g5xhkjgy7zdu9k7dxk3z3u238vi0olhvcfjfpoyyey3cefbs4d3vbeu9tvm8vpeuwdcucgkov4yy135t4243aw87qatc77i1yz8z0a1w
10KB,4,30,7w6ntmp7co6dmuep20wt47sot7u64dvzqwmhay32uxsoproveju03lumod6vwx0ubcfc5i7ag6pbky36ozv4v54d95h6ul1c5hvl0x71ajvm6tf8t4sbx1lktqz5gjfw
10KB,4,31,736enez1zwzfjor5yl680v6zr4h03o1tw1buijl0gyhuhssg8b3ezlxo422nv29g0ki7yoaaqcqmu77n346z18lft05aokvu0kzxfxmu7d9pb0zeek821yg5ec53c7gs
10KB,4,32,tvwxytuinbxz5734bb157broe8ajvrwhujmji8ux192ixsz9lywc7147f031dlulbs6r7o00ngbvkxqc7tqbkn4r1250wxqft1fead3xc824uzq60c0manxwgqc2w0pl
10KB,4,33,69bp31cmlv2upj95ka17opabkbizt2d1edntbks6o6iclh0b3krv86hj8tsggho26yo3un2kaipolitqgeplaup148kv9fkttzfyqwpcamx37ck7hy8jzld1goupp466
10KB,4,34,hummspo2nkvgqmz6hcw2ea2nofxzm3yejoob0ewe8sj0q5ymkolzjso9mz3trufx9uv0gllg8inclaee7p1ku3lxi2xkvh6ygi6qb4ep74ajel1cscr70ld9fvlbhnxh
10KB,4,35,qa5qj6qclx2s3v4xbrhhquphdcq2qkn4kf0fcwxtx6d4ust8ak5f402lwv1df5abiecna0jifgoo3qhsad1eco3cy6e9kkq2wfehdpxjywucl4l3cxr1eon734zdui2t
10KB,4,36,ds4ok6tqvr2xesfuszh67hs1qsgncr4sz8vg7ubsecgtik5ap1mlrhe1xkt48u8v2688odlyofnlam1w7au2xun3knv4yacnk0ul0nc2h5ucafbwaro7d1u02nvzxmbz
10KB,4,37,nqxw0a7gbvk3nb0zblk9c0hizny7mmvmjeqhztg5j7oqlqlamok2mnstq7vwv2u4qnpfq654dfgunsatcibsfmsw0yybmk7k42gqlayrtc9fam0cpg9tv6n7awcqlfli
10KB,4,38,7k3ivuf04mmo3pu5d6qy9z1t0atpvidfg14kf7ocybyk4ctfbjzfsalc5swomvr9pdwb5qqtasmq6qgpkt3worus15sy8c9pj88qvxf0b6pjccf4zqf332nrpklvm09s
10KB,4,39,31936fb4gh2ec8aelulmi2h3gxet54nifvmmpoecqt5iyle1c6vamng6fktv5xbn88nmjma8f2nyuv71slp5cnfd0648wnl9zo0myiu93fwcoe8cz8inxvi2erma77f4
10KB,4,40,pumfcxd2mlbaqt90ed3whzr2n8aqwspjlob4lwchnjgetvus61r83jl6yq8dwcq59pevztlnjv22et59l9af1vw6sy7sbayo39b18p7f5aov0h6p3vv4cjwo0qfec5ci
10KB,4,41,n3lnkxpptbzby7pepuaez078p7n6km3vyl1l6vgfsp571ew4l7hz958ydhfsd6j9jtdzxpjk9toaztfzmfuzt4h5w9qeuhx577k0ogkjijz2wca9zoo2alf99qh9pkep
10KB,4,42,zu2i26whhls15dvtnwi5alboyq5em77bq5aa22b51bd2gsrhyg6u71sy72o9s862dk2562x0yk2vgdjzlec7a7hed8p02targxv50behury519ng1l95vgpaq05ntx9l
10KB,4,43,uxwm98ord9lcnsc89mapx8wbqsqrf70af980myu2ezdzjau82pvkw97bzey4649akc27n261dfqrcpejbtqz8ql3qeoy2k5banawgm48vkbooq6ycoh16e66g3leb37p
10KB,4,44,qe4qijlplllysm5ugw41qrtxpybtam6e0wga6z1g7k3ym9mzx75czet29rf5eiuv00rwoezq2a9cvl1abxfqeuov3kc6ajyf8128grmnj6gfju2lk1ic129xp284tc0x
10KB,4,45,bkovdyn09flq75fc0sdvwafwf56cctx3eamxh7chfsdo1sy85edpna81pwoaw1doe52v9u1pzgetqrpc48anem6u5cjjp1y3ffbm7ojg80e1tdtrhllqh4jmsew3g5vq
10KB,4,46,znch6rjnjy9g76v9je8ikhfrjvw0sq30j6mt4cv5noievva89d24cvpapuwhip7ct5pngisc14edx7cvkxace5hihx8b5vt3eiv01zkedzwra20xhkk7pbcrnm4b8wd0
10KB,4,47,u7qd2w70tx54kwrphd1bohrlg1f94cg0slfdu2hlt46o4myzkcmiya6zhddvcnh03g94hgcyd4duv3la9ddbwnssl5ujfe1wktgsccx8kzkremj8dnwupp9ovi0ii0ts
10KB,4,48,2bkenr2lwa9al1gvex2y3ea1eu6f6dc2ve2wildhcejrepul0jgs2bpp32hbh3zqb95reerkl53oc0nxk9drzknmtpw4cmp9x4gsk1f0adautm2p83yd5s5v2kamgpvc
10KB,4,49,4n8tkvne82pjp1dbx535l5fjto18td9ldsttgrnjhae5yaiwily2a5w26v4mfbzn52h01rz9fjq0t08yxbtpbi0a2cquf3lftq3o4mv6nme261ap4l7mx3vhvfg9pg3o
10KB,4,50,y1v3wu6xh20deekko2qihonn4b2es2hrx729dn6up2dpztd3fpb7d4aquzqdn6pbi3zfxa7bjft00yo9davrha50hkebl21nwh90zi8lj6o1w4xbbt2ypwkxswdeegu1
10KB,4,51,j1bbr6nrwtw2owxjrvjvfcn5nle6ny3dilg5i60fvnvql70cexvm2ucwc4islz0hgfqbozudad8kkwby8n2s3511g75okg7gj38hxus9zy7cavialmpm37jbbgbemgfo
10KB,4,52,8e7fbt5m67iwivd6kwea8z1clefb8qfa34f592boze5bap5t7a6beqrkw4qz658c3bbd3l9wq60vk1lhkeowzvk2hwog627mb5g6pv0gi64vvdlxp8uws1v80yzgrj58
10KB,4,53,s9r2d9lz8lf4zxafcccdgahsftgj9mvj0anrk218dcf7jihgm7u53e6n8gi0py09b98mfm72wl3ostbdfkr05w5hcwcne797dnmf9wxmy1lt7nsd25c8bhm2godgovyg
10KB,4,54,5n5amd85kry5u9uby9qhyc738oopzajjr9llfrjkg4q5zgh4oozfil2zkxau29tpe7bf2n3z2yjzfplb7gqtbj4mcxxr8pkxcpazdpa21lguu3oxm3k5jc1lvex2affy
10KB,4,55,ek0cv7pgck1wwzml09u2m67s32e8b7fhma1xlm5wcu0w8fm20qnf85rt3fn05k13e1rhishm7jmfbmdf37lat98cmkx2c4zu83hb9ke5momsmk3so48e58kqc7becobe
10KB,4,56,ftbe1xbbnp61bawagifp1y2i3p0s420psc904uuso0yl5cumenlo9gajcgqptz5pa2ptmrori1r8n0k5ct9n2p0dhk4x6zbv2gmu9fjy9cok1v46mqazpdl6ns7bq5wn
10KB,4,57,4rrvcib55itd83g5ak4w2otkx0xyxdlqi0l0sk2re9nvdyx1qj6furzlbmisolp8d8fdzbbal4hbwqi7qcbxhmspdsj6ocbnsmuqfb62hk2s7y49u3zzesr16s1kxzwr
10KB,4,58,gb7kd84hvl1zoudcnywt9yfe6cz5uidhbb1ooo4jmbbifjwhovsfn6kjc7g4ofmn6v6ss94zgeg6xlhld3d2fgx29ypu6410wt4yqsg3ajhhylb1blic7q4unv395t6b
10KB,4,59,sw8t503op3vokvww038c569xku042xk8a9caag494as404gacwcidh997nvnr7wr876mfvxb8x8v0yq2faasc35t8x42jv348b3nt0wy7g4g57c5badjkzqtczdq92fd
10KB,4,60,wiyipa421x2wtrkqn8zc8nzrf0uvqjprdhwv3ne86bct6o4h7ttmpdg00stcmpu8z5qxrhgexhtpxtva1tn42qshc2kxp5y6blgwat37npj8wsoroqg4bkb3wyshgudb
10KB,4,61,ttjifdbtepyo4adr6oauc55i9289wh5resltyta9ws0q4s95npz9d8tbgaiau6d7oxyt25seuofy1zpi47c7fiaa4n3y9vvnutubua2qx91fr2zltk9tgs1oro1x3uz4
10KB,4,62,lmlkevc4odtxptt8mo4urbqsaaw8xg3qgtsmi3myzi3ixxw4bo2bgrtwiuxefayjewy07ol9kpcgdgkpqflp12hci7rxw4ugviwlgs4ymevw5h6iojonmyl3fledosdb
10KB,4,63,u1g6kgdasxd7jclxshmsr22sh2g10i7hjjck2r57f2g2p2g3pv4kivfn7wjickz4n77w3v67xvco64oe880xdss0xby6gxyaic5r459rxvzdbc9l5qjnzjag7hbr1wyc
10KB,4,64,x0hj0tjs6xl2apzbbtvuugr0xo9o5a89v85gb0iahyzu5i4vpup09eomb6rsxajp1idwopb87yx0qtc1cxrpjuesil902le0alc1f9un0eciwl7z8aqbsq58p1x7m8x8
10KB,4,65,58pevb2bgu709t2w78z5yzx7cf4v9c8st9h1a0noa450trg31wduk518iedl7laoo7uy3il8jaz7ap8lr06h8jwnue5710qfo0wasceduqni5n98ffk9ik21cxeoblrm
10KB,4,66,ofhaj5t4ygdn16wqo6x5a95dhq7dmh31aed0w2k4ayqjxte8xbfpelbzv6guuzkjity12tuf26pj9nsxz6dbgmj5e1kslgiudicl15jzcwo2qci4yrefxclpx033vahh
10KB,4,67,79bor5b7pc3ybaqn6uwqhisndoexvkm6hcy0f2u38n98emaf3h5c1tfvzc0a4tx6tlqnvi3r49q0beii0ac1rbbpbox9m1eza4a6oct6bzfnyhqdxuojons1r5t2jvco
10KB,4,68,fgj75eepsw8wf69rcusdzlj1zboswgdrhfiyggge2srx9p11dee30gzwx3s859z1z7tzmqfkgr2ec9px66ca5h2k17ukw1hddq4eglsznqmnkml72uclgcmhhtv025k6
10KB,4,69,01kdx1zozqlflwjy7o83qydmnagctket2ja7ebgo8grijev363qnqrd23cxd6epz2n82k4ydhq3is6tmxxz88qh6rel885s04xdgzxq3ne0c9b7cl61z3kdma5t29vis
10KB,4,70,q7vcufi216umpawh0hgg65sb2grih2l791vsfppozfjz2i5sdt7irkx638pjrhdej3fwdta3mzvu9cpzleh3f5rytmg360qqeutr9if25oj47j4nneuirey6ba9sl4e4
10KB,4,71,zuserennrdllg04tbx211efsqc00pkijg70xh7lk81hde0g1orb69t6q9dhhqjqxxap06d1x1fogh3idktx4dr6itz0tnihfy3iqnt0z8dww5iamrxzle49jycz750qy
10KB,4,72,v6dc7q2kzqsd4pr4couvvv9bb013ddtjr2mion42uwq1bz55mpf6o0iyjnwr2zl0pisak7zmfwqg6dmjoh69gevcdp65w8droo0yy7g8raetnq0wxkvhxhiciwxy81wa
10KB,4,73,ae41djmaqh5ibscrniyvkixuu1ont24c98qy7kbhlav6u50cuk9jp8hhlczn66ccdzf6xqtvspqf9yewgllfi90qb17ut2e4amrkmbgh6h1u6r3xj4k539oe5gb67m6s
10KB,4,74,36xsy92l6f32gjrhw2spmjfea1q3xwh5zziyil08axmw797k9or5ir7zheun
